Art pop,раз
Acoustic funk,раз
Asian pop,раз
Baroque jazz,раз
Beats,раз
Biopunk music,раз
Blue-eyed soul,раз
Blues rock,раз
Broken beat,раз
Cinematic soundscapes,раз
Chamber electronica,раз
Chilled house,раз
Club music,раз
Crossover jazz,раз
Cumbia,раз
Darkwave,раз
Deep tech,раз
Detroit techno,раз
Dream pop,раз
Drone metal,раз
Dub techno,раз
EDM,раз
Electro swing,раз
Ethereal wave,раз
Experimental jazz,раз
Folk rap,раз
Funky trance,раз
Future funk,раз
Glam metal,раз
Gospel rock,раз
Grunge,раз
Hard trance,раз
Hawaiian music,раз
Heavy psych,раз
Horror punk,раз
Indietronica,раз
Japanese rock,раз
Jazz house,раз
Jazz-hop,раз
Jewish music,раз
Kawaii,раз
Lagwagon music,раз
Lo-fi rock,раз
Lullaby,раз
Mainstream pop,раз
Math metal,раз
Medical music,раз
Microhouse,раз
Modern classical,раз
Neoclassical dark wave,раз
New Americana,раз
New York punk,раз
Noise rock,раз
Nu-gaze,раз
Pagan folk,раз
Parody,раз
Progressive trance,раз
Psychedelic pop,раз
Punk rock,раз
Radical,раз
Reggae fusion,раз
Renaissance music,раз
Rock en Español,раз
Samba,раз
Second wave ska,раз
Shoe gaze,раз
Skank,раз
Soul funk,раз
Space age pop,раз
Sprechgesang,раз
Stoner rock,раз
Synth wave,раз
Synthesizer pop,раз
Tech house,раз
Techno,раз
Tropical house,раз
Underground hip hop,раз
Urban folk,раз
Vapor tent,раз
Visual music,раз
Witch house,раз
World fusion,раз
Yacht rock,раз
Zydeco swing,раз
Acoustic jazz,раз
Blues-country,раз
Cinematic metal,раз
Dance-pop,раз
Desert rock,раз
East coast hip hop,раз
Faux jazz,раз
Gothic metal,раз
Horrorcore,раз
Indie electronic,раз
Moody music,раз
Neon pop,раз
Psychedelic rock,раз
Ska-jazz,раз
Smooth rock,раз
Spaghetti western,раз
Squeaky,раз
Swing revival,раз
Tropicalia,раз
Acoustic soul,раз
Dance-punk,раз
Desi pop,раз
Fusion jazz,раз
Grime rap,раз
Metalcore,раз
Neo-soul,раз
Pop rock,раз
Roots music,раз
Soca,раз
Softcore,раз
Twin Peaks sound,раз
Wind-down,раз
Yawning music,раз
Zag music,раз
Zen music,раз
Аланж,раз
Анимационная музыка,раз
Авангард,раз
Афробит,раз
Блюз,раз
Блэк-метал,раз
Богема,раз
Боярский рок,раз
Босса нова,раз
Брейкбит,раз
Брейккор,раз
Детметал,раз
Диско,раз
Додекафония,раз
Драм-н-бейс,раз
Джаз,раз
Джаз-фанк,раз
Джент,раз
Дэнт,раз
Замечательная музыка,раз
Звук искусства,раз
Золотой век,раз
Инди-рок,раз
Инди-поп,раз
Индустриальный,раз
Испанская фламенко,раз
Классическая музыка,раз
Кантри,раз
Клингон,раз
Космическая музыка,раз
Кроссовер,раз
Лаунж,раз
Метал,раз
Микс,раз
Модерн-джаз,раз
Музыка для детей,раз
Музыка для кино,раз
Народная музыка,раз
Неоклассика,раз
Новая волна,раз
Нью-эйдж,раз
Опера,раз
Поп,раз
Поп-рок,раз
Пост-рок,раз
Пост-панк,раз
Психоделическая музыка,раз
Регgae,раз
Рок,раз
Рок-н-ролл,раз
Саунд-арт,раз
Саундтрек к игровым фильмам,раз
Ска,раз
Ска-панк,раз
Соул,раз
Спэйс-рок,раз
Сюрреализм,раз
Танцевальная музыка,раз
Транс,раз
Транс-медитация,раз
Тропическая музыка,раз
Фанк,раз
Фламенко,раз
Фолк,раз
Хардкор,раз
Хип-хоп,раз
Электроника,раз
Эпическая музыка,раз
Эмбиент,раз
Этническая музыка,раз
Этно-джаз,раз
Фанк-рок,раз
Фьюжн,раз
Чилаут,раз
Шансон,раз
Шумовая музыка,раз
Psybient,раз
Acid house,раз
Alternative rock,раз
Ambient techno,раз
Big band,раз
Chamber music,раз
Chanson,раз
Chillout,раз
Cinematic,раз
Classic rock,раз
Deep house,раз
Dub,раз
Electronicore,раз
Gothic rock,раз
Hard rock,раз
Industrial rock,раз
K-pop,раз
Liquid funk,раз
Math rock,раз
Melodic metal,раз
Neofolk,раз
New wave,раз
Noise,раз
Nu metal,раз
Post-hardcore,раз
Progressive rock,раз
Punk,раз
Ska-punk,раз
Synthpop,раз
Trap,раз
Vaporwave,раз
World music,раз
Acoustic rock,раз
Black metal,раз
Christian rock,раз
Celtic,раз
Drone,раз
Experimental,раз
Folk rock,раз
Futuristic,раз
Garage rock,раз
Glam rock,раз
Grime,раз
Hardcore punk,раз
Jungle,раз
Lofi hip hop,раз
Melodic death metal,раз
Métалcore,раз
Psychedelic,раз
Rhythm and blues,раз
Screamo,раз
Shoegaze,раз
Soft rock,раз
Southern rock,раз
Synthwave,раз
Tattoo music,раз
Trip hop,раз
Visual kei,раз
Witch house,раз
Zydeco,раз
Acoustic blues,раз
AOR (Album Oriented Rock),раз
Barcelona sound,раз
Bhangra,раз
Bluegrass,раз
Cajun,раз
Choro,раз
Cinematic orchestral,раз
Classic metal,раз
Classic soul,раз
Country rock,раз
Cruise music,раз
Deep funk,раз
Dixieland,раз
Electropop,раз
Eurodance,раз
French house,раз
Indie folk,раз
Indie pop,раз
Jazz fusion,раз
Jazz rap,раз
Keytar,раз
Kizomba,раз
Latin,раз
Lo-fi rock,раз
Mainstream,раз
Melodramatic,раз
Midsummer music,раз
Motown,раз
Neo-psychedelia,раз
Orchestral,раз
Post-metal,раз
Psychocandy,раз
Raggacore,раз
Rhythmic noise,раз
Salsa,раз
Sea shanty,раз
Tango,раз
Torres Strait Islander music,раз
Traditional,раз
Trap metal,раз
Urban,раз
Western classical,раз
Alt-country,раз
Baroque,раз
Insomnia,раз
New Orleans jazz,раз
Moombahton,раз
Soundtrack rap,раз
Power pop,раз
Rural,раз
Street music,раз
Vintage,раз
Future bass,раз
Melodic trance,раз
Rap metal,раз
Creepy,раз
Phonk,раз
Arabic music,раз
Traditional country,раз
Folk metal,раз
Chicano rock,раз
Deep soul,раз
Christian metal,раз
Slowcore,раз
Celtic punk,раз
Sunshine pop,раз
Spoken word,раз
Lounge music,раз
Old-school,раз
Worldbeat,раз
Trancecore,раз
Medieval music,раз
Space music,раз
Rave,раз
Bass music,раз
Eclectic,раз
Soulful house,раз
Balearic beat,раз
Robo-folk,раз
French pop,раз
Hip house,раз
Ritmo pop,раз
Indietronica,раз
Reggaeton,раз
Nü disco,раз
Dark ambient,раз
Acoustic metal,раз
Neoclassical metal,раз
Baroque pop,раз
Disco polo,раз
Instrumental hip hop,раз
Alternative electronic,раз
Rap rock,раз
Vocal jazz,раз
Celtic rock,раз
Exotic,раз
Funky house,раз
Cinematic pop,раз
Simpsons music,раз
Psychill,раз
Chamber pop,раз
Indie rock,раз
Newgrass,раз
Experimental rock,раз
Industrial metal,раз
Folk punk,раз
Acid jazz,раз
Neurofunk,раз
Salsa dura,раз
Space rock,раз
Emo,раз
Waltz,раз
Stripped-down,раз
Boogie-woogie,раз
Hip-hop soul,раз
Folk storytelling,раз
Heavy metal,раз
Footwork,раз
Folktronica,раз
Psytrance,раз
Battle rap,раз
Cowpunk,раз
Country pop,раз
Lo-fi soul,раз
Piano,раз
Folk,раз
Gospel,раз
Post-punk revival,раз
Progressive metal,раз
Street rap,раз
Women’s music,раз
Kids’ music,раз
Industrial,раз
Spiritual,раз
Rockabilly,раз
Medieval,раз
Vinyl,раз
Instrumental rock,раз
Concept albums,раз
Surf rock,раз
Futuristic jungle,раз
Icelandic music,раз
Lo-fi ambient,раз
Tank music,раз
Screen music,раз
Anime music,раз
Baroque classical,раз
Pop punk,раз
Cyber metal,раз
Lost music,раз
Crazy music,раз
Ambient house,раз
Breaks,раз
Celtic fusion,раз
Chillwave,раз
Conga,раз
Doom metal,раз
Ethnic,раз
Glitch,раз
Gypsy,раз
Jazz rap experimental,раз
Kyoto jazz,раз
New age metal,раз
Nordic folk,раз
Psyop,раз
Ritmos de ouro,раз
Skye,раз
Tropique,раз
Viper,раз
Waves,раз
Xylophone,раз
Yodeling,раз
Zouk,раз
Amapiano,раз
Chamber pop,раз
Deep house progressive,раз
Dubstep,раз
Future house,раз
Goa trance,раз
Hardstyle,раз
Jungle techno,раз
Kizomba pop,раз
Liquid DnB,раз
Moombahcore,раз
Neo-psych,раз
Open mic,раз
Post-dubstep,раз
Rap ballad,раз
Sound library,раз
Technopop,раз
UK garage,раз
Vaporwave chillwave,раз
World electronica,раз
Astropop,раз
Beatbox,раз
Calypso,раз
Chamber funk,раз
Dintle,раз
Euphoric trance,раз
Futurist,раз
Gazebo,раз
Hyperpop,раз
Indie trance,раз
Jungle dub,раз
Knock,раз
Liturgical,раз
Modular synth,раз
Nervous,раз
Ombak,раз
Psy-chill,раз
Quicksand,раз
Regidor,раз
Smooth jazz fusion,раз
Technorock,раз
Unplugged,раз
Vibes,раз
Warrior,раз
Xian,раз
Yacht soul,раз
Zesty,раз